Aboriginal Law,http://www.legalline.ca/legal-answers/topic/aboriginal-law/
Adoption,/legal-answers/adopting-a-child/
Alimony,/legal-answers/spousal-support/
Animals and the Law,http://www.legalline.ca/legal-answers/topic/animals-and-the-law/
Arbitration and Mediation,http://www.legalline.ca/legal-answers/topic/arbitration-and-mediation/
"Bill C-51, Anti-terrorism Act",/legal-answers/bill-c-51-anti-terrorism-legislation/
Borrowing Money from a Bank,/legal-answers/borrowing-from-a-bank-and-giving-security/
Business Law,http://www.legalline.ca/legal-answers/topic/business-law/
Business Taxes,/legal-answers/topic/tax-law/#business-taxes
Buying a Home,/legal-answers/topic/real-estate-law/
"CASL, Anti-Spam law",/legal-answers/spam-email-legal-casl-canadas-anti-spam-legislation/
Canada Pension Plan (CPP),/legal-answers/canada-pension-plan-benefits-cpp/
Change Your Name,/legal-answers/change-your-name/
Charities,/legal-answers/charities/
Child Custody,/legal-answers/topic/family-law/#custody-of-children
Child Support,/legal-answers/child-support/
Children and the Law,http://www.legalline.ca/legal-answers/topic/children-and-the-law/
Civil Litigation,/legal-answers/topic/lawsuits-and-personal-injury/
Class Actions,/legal-answers/class-actions-starting-a-lawsuit-with-others/
Collecting Debts,/legal-answers/collecting-debts/
Collection Agencies,/legal-answers/collection-agencies/
Common-Law Relationships,/legal-answers/common-law-relationships/
Condominium Law,/legal-answers/what-are-condominiums/
Contracts,/legal-answers/contracts/
Construction Law,http://www.legalline.ca/legal-answers/topic/construction-law/
Consumer Law,http://www.legalline.ca/legal-answers/topic/consumer-law/
Copyrights,/legal-answers/topic/intellectual-property/#copyright
Corporations,/legal-answers/topic/business-law/#corporations
Credit Checks,/legal-answers/extending-credit-and-credit-checks/
Criminal Law,http://www.legalline.ca/legal-answers/topic/criminal-law/
Criminal Records,/legal-answers/what-is-a-criminal-record/
Cultivation or Production of an Illegal Drug,/legal-answers/trafficking-or-production-cultivation-of-an-illegal-substance/
Cyber Law,http://www.legalline.ca/legal-answers/topic/internet-and-cyber-law/
Cyberbullying,/legal-answers/cyberbullying/
Debt and Bankruptcy,http://www.legalline.ca/legal-answers/topic/debt-and-bankruptcy/
Defamation: Libel and Slander,/legal-answers/defamation-libel-and-slander/
Defamation on the Internet,http://www.legalline.ca/legal-answers/defamation-laws-cyber-libel-and-the-internet/
Disability Benefits,/legal-answers/social-assistance-and-disability-benefits/
Discrimination,/legal-answers/discrimination-and-harassment/
Dispute Resolution,http://www.legalline.ca/legal-answers/topic/arbitration-and-mediation/
Dissolving a Business,/legal-answers/dissolving-a-business/
Divorce,/legal-answers/topic/family-law/#separation-and-divorce
Drinking and Driving,/legal-answers/impaired-driving/
Education / School Law,http://www.legalline.ca/legal-answers/topic/education-school-law/
Email Spam Law,/legal-answers/spam-email-legal-casl-canadas-anti-spam-legislation/
Employment Contracts,/legal-answers/employment-contracts-2/
Employment Insurance (EI),/legal-answers/what-is-employment-insurance/
Employment Law,http://www.legalline.ca/legal-answers/topic/employment-law/
Entertainment Law,http://www.legalline.ca/legal-answers/topic/entertainment-law/
Environmental Law,http://www.legalline.ca/legal-answers/topic/environmental-law/
Family Law,http://www.legalline.ca/legal-answers/topic/family-law/
Financial Institutions,http://www.legalline.ca/legal-answers/topic/financial-institutions/
Financial Services,http://www.legalline.ca/legal-answers/topic/investments-and-securities/
Find a Lawyer or Paralegal,http://www.legalline.ca/legal-answers/topic/legal-organizations/
Franchise Law,/legal-answers/franchises/
Freedom of Information,/legal-answers/freedom-of-information-accessing-public-records/
Government and The Justice System,http://www.legalline.ca/legal-answers/topic/government-and-the-justice-system/
Health Law,http://www.legalline.ca/legal-answers/topic/health-law/
Highway Traffic Act,http://www.legalline.ca/legal-answers/topic/highway-traffic-act/
Home Businesses,/legal-answers/home-businesses/
Human Rights,http://www.legalline.ca/legal-answers/topic/human-rights/
Immigration Law,http://www.legalline.ca/legal-answers/topic/immigration-law/
Importing and Exporting,/legal-answers/importing-and-exporting/
Insurance Law,http://www.legalline.ca/legal-answers/topic/insurance-law/
Intellectual Property,http://www.legalline.ca/legal-answers/topic/intellectual-property/
Internet and Cyber Law,http://www.legalline.ca/legal-answers/topic/internet-and-cyber-law/
Investments and Securities,http://www.legalline.ca/legal-answers/topic/investments-and-securities/
Landlord and Tenant,http://www.legalline.ca/legal-answers/topic/landlord-and-tenant/
Law Schools,http://www.legalline.ca/legal-answers/topic/law-schools/
Lawyers,http://www.legalline.ca/legal-answers/topic/legal-organizations/
Lawsuits and Personal Injury (Litigation),http://www.legalline.ca/legal-answers/topic/lawsuits-and-personal-injury/
Legal Aid,http://www.legalline.ca/legal-answers/topic/legal-aid/
Litigation,/legal-answers/topic/lawsuits-and-personal-injury/
Living Wills,/legal-answers/living-wills/
Mediation,/legal-answers/topic/arbitration-and-mediation/#mediation
Medical Malpractice,/legal-answers/professional-malpractice/
Mental Health Law,/legal-answers/topic/health-law/#mental-health-act
Mortgages,/legal-answers/topic/real-estate-law/#mortgages
Mutual Funds,/legal-answers/mutual-funds/
Non-profit Organizations,/legal-answers/not-for-profit-organizations/
Provincial Pension Plan,/legal-answers/canada-pension-plan-benefits-cpp/
Paralegals,/legal-answers/lawyers-paralegals-and-notaries-public/
Partnerships,/legal-answers/topic/business-law/#partnerships
Paternity Issues,/legal-answers/paternity-issues-and-dna-testing/
Patents,/legal-answers/topic/intellectual-property/#patents
Personal Injury,/legal-answers/topic/lawsuits-and-personal-injury/#personal-injury-and-other-claims
Power of Attorney for Personal Care,/legal-answers/what-is-a-power-of-attorney-for-personal-care/
Power of Attorney for Property,/legal-answers/what-is-a-power-of-attorney-for-property/
Private Investigation,http://www.legalline.ca/legal-answers/topic/private-investigation/
Real Estate Law,http://www.legalline.ca/legal-answers/topic/real-estate-law/
"RRSPs, RRIFs, TFSAs",/legal-answers/topic/investments-and-securities/#rrsps-rrifs-and-tfsas
Selling a Home,/legal-answers/topic/real-estate-law/
Seniors and the Law,http://www.legalline.ca/legal-answers/topic/seniors-and-the-law/
Separation Agreements,/legal-answers/separation-agreements/
Services for Lawyers and Paralegals,http://www.legalline.ca/legal-answers/topic/services-for-lawyers-and-paralegals/
Sexual Harassment,/legal-answers/topic/employment-law/#sexual-harassment
Small Claims Court,http://www.legalline.ca/legal-answers/topic/small-claims-court/
Social Assistance,/legal-answers/social-assistance-and-disability-benefits/
Sole Proprietorships,/legal-answers/topic/business-law/#sole-proprietorships
Spousal Support,/legal-answers/spousal-support/
Stocks and Bonds,/legal-answers/topic/investments-and-securities/#stocks-bonds-and-mutual-funds
Structured Settlements,/legal-answers/what-is-a-structured-settlement/
Tax Law,http://www.legalline.ca/legal-answers/topic/tax-law/
Trademarks,/legal-answers/topic/intellectual-property/#trademarks
Unions and Labour Issues,/legal-answers/topic/employment-law/#union-and-labour-issues
"Wills, Estates and Powers of Attorney",http://www.legalline.ca/legal-answers/topic/wills-estates-and-powers-of-attorney/
Workersâ€™ Compensation,http://www.legalline.ca/legal-answers/topic/workers-compensation/
Wrongful Dismissal,/legal-answers/what-is-wrongful-dismissal/
